"pathway","pval","padj","ES","NES","nMoreExtreme","size","leadingEdge"
"HALLMARK_EPITHELIAL_MESENCHYMAL_TRANSITION",0.000160179400929041,0.00400448502322601,0.584149094756109,2.04592077428742,0,196,"CXCL1;CXCL6;COL1A2;SNAI2;INHBA;COL3A1;COL6A3;FOXC2;COL1A1;MMP14;FN1;GREM1;NNMT;MYL9;TPM2;FBLN2;TGFB1;SERPINE1;TAGLN;BGN;COL5A3;LOXL2;CCN2;COL5A1;PLAUR;LGALS1;ACTA2;LUM;ITGA5;TNFRSF12A;COL5A2;POSTN;TNC;GADD45B;COL4A1;IGFBP3;TGFBI;PRRX1;LOX;BMP1;TFPI2;COL12A1;PCOLCE;GLIPR1;PDGFRB;CCN1;TIMP3;DAB2;MGP;EMP3;COL16A1;SPP1;LOXL1;SPARC;MSX1;TGM2;FAP;COL6A2;CALD1;DCN;ITGB3;EFEMP2;TPM1;PLOD2;IGFBP4;IL32;SERPINH1;GADD45A;CDH11;FBN2;IGFBP2;GJA1;NT5E;COL4A2;MFAP5;GPX7;COL11A1;FBN1;MMP2;ECM2;NID2;FAS;PMEPA1;FBLN5;COL8A2;ID2;MATN3;ITGAV;JUN;SGCG;CXCL12;SDC4;MEST;CDH6;LRRC15;THBS1;ELN;SFRP4;PDLIM4;COMP;DKK1;TPM4"
"HALLMARK_MYOGENESIS",0.000159744408945687,0.00400448502322601,0.522477094389434,1.83048301890219,0,195,"CHRNG;MYBPC3;MYH4;GJA5;HRC;MYL11;IGFBP7;ACTC1;SLN;COL3A1;COL6A3;MYL7;MYBPH;TNNT2;RYR1;COL1A1;IGF1;TPM2;TGFB1;ENO3;ATP2A1;CASQ2;MYL4;MYH2;TAGLN;LSP1;TNNC1;MYL1;CHRNA1;ACTN3;MYH8;MYL3;TNNI1;GADD45B;MB;IGFBP3;STC2;SOD3;ANKRD2;FST;SPARC;COL6A2;CAV3;MYH1;DAPK2;TNNC2;NQO1;BDKRB2;PPP1R3C;PVALB;PDLIM7;CDKN1A;COL4A2;CSRP3;SH3BGR;EFS;APLNR;DES;WWTR1;MYH9;SGCG"
"HALLMARK_IL6_JAK_STAT3_SIGNALING",0.00033921302578019,0.00565355042966983,0.565027851108082,1.76937430253443,1,80,"CXCL1;OSMR;LTB;EBI3;CSF3R;CCR1;CSF2RB;DNTT;CXCL3;IL12RB1;TGFB1;CD38;PIK3R5;TNFRSF12A;TNF;SOCS1;CXCL13;ITGB3;IL3RA;ITGA4;IL17RA;TLR2;PDGFC;CSF1;FAS;IL4R;JUN;SOCS3;ACVRL1"
"HALLMARK_ANGIOGENESIS",0.00269541778975741,0.0336927223719677,0.6561012339921,1.73432888222453,14,31,"CXCL6;COL3A1;THBD;LUM;COL5A2;POSTN;SPP1;MSX1;SLCO2A1;ITGAV;VTN;S100A4;LPL;JAG1;FSTL1"
"HALLMARK_APOPTOSIS",0.00486460191341009,0.0486460191341009,0.431897063577159,1.47494781162766,29,156,"GSTM1;IL18;CD69;ANXA1;IER3;CD38;CASP4;BGN;HGF;CAV1;AVPR1A;LUM;TNFRSF12A;KRT18;GADD45B;TNF;PLAT;IL1A;PDGFRB;TIMP3;HSPB1;PRF1;GNA15;DCN;EMP1;BMF;IFITM3;BIRC3;GADD45A;SMAD7;CASP3;CDKN1A;BAX;MMP2;FAS;MGMT;HMGB2;JUN;BTG2;BTG3;ATF3;BCL2L11;NEDD9;ISG20;F2;TGFB2;AIFM3;BMP2;DAP;DPYD;CDK2;IRF1;CASP8;CASP6"
"HALLMARK_ALLOGRAFT_REJECTION",0.0082470892626132,0.0589077804472371,0.412585143491115,1.41621499629843,50,162,"IRF8;TLR3;LTB;IL18;CD40LG;FYB1;ITGB2;ITGAL;CCR1;GPR65;INHBA;HLA-DQA1;HLA-DMB;CDKN2A;IL12RB1;NOS2;TGFB1;IL11;CCL2;LY75;CD96;TNF;SOCS1;CXCL13;IL2RB;LCP2;PRF1;PTPRC;ETS1;CD247;TLR2;STAB1;ICAM1;B2M;RPL39;CSF1;ELF4;FAS;RPS19;IL4R;TLR1;HLA-E;RPL9"
"HALLMARK_INFLAMMATORY_RESPONSE",0.00740383067761146,0.0589077804472371,0.406040707776718,1.40978875427542,45,180,"CXCL6;OSMR;GPR132;ICAM4;TLR3;SELL;EBI3;CCL20;IL18;PTGIR;CSF3R;TNFSF15;IL7R;CD69;INHBA;MMP14;FFAR2;RGS1;EDN1;CSF3;CXCR6;VIP;PIK3R5;SERPINE1;SGMS2;PLAUR;NPFFR2;CCL2;TNFAIP6;ITGA5;ADM;MEFV;IL1A;IL2RB;EMP3;OSM;LTA;LCP2;GNA15;ITGB3;TPBG;GPR183;TLR2;STAB1;ICAM1;CDKN1A;GPC3;BST2;CSF1;SCN1B;IL4R;APLNR;TLR1;P2RX7;MSR1;BTG2"
"HALLMARK_TNFA_SIGNALING_VIA_NFKB",0.0120365912373616,0.0752286952335099,0.393441623100577,1.37495543514781,74,192,"CXCL1;CXCL6;CXCL2;CCL20;IL18;IL7R;CD69;INHBA;CXCL3;EDN1;IER3;SERPINE1;CEBPD;PLAU;PLAUR;CCL2;TNFAIP6;TNC;GADD45B;TNF;PLEK;IL1A;CCN1;ZC3H12A;ZFP36;GPR183;PHLDA1;PTGS2;TLR2;ICAM1;BIRC3;GADD45A;SPSB1;CDKN1A;TGIF1;CSF1;PMEPA1;ID2;IER5;NFKB2;PLK2;JUN;SOCS3;BTG2;BTG3;SDC4;TNFAIP8;ATF3;NR4A2;PTGER4;JAG1;HES1;ABCA1;SPHK1;SIK1;F2RL1;JUNB;LIF;FOSB;TNFAIP3;FOSL2;KLF10;CLCF1;BMP2;BHLHE40;EFNA1;PTX3;IRF1;GFPT2;ICOSLG;LITAF"
"HALLMARK_SPERMATOGENESIS",0.0249433106575964,0.138573948097758,-0.398147720671441,-1.37038497700646,98,118,"PAPOLB;SPMAP2;CRISP2;ODF1;DPEP3;HTR5A;ZNRF4;NAA11;IL13RA2;TULP2;HBZ;HSPA2;ACE;NOS1;CAMK4;CCNA1;TKTL1;GSG1;OAZ3;SCG5;HOXB1;DCC;IL12RB2;MAP7;DDX4;NEFH;SNAP91;HSPA4L;ACRV1"
"HALLMARK_TGF_BETA_SIGNALING",0.0356833535423523,0.178416767711762,0.481765769368896,1.41551805874617,205,54,"TGFB1;ID3;SERPINE1;ID1;ENG;SMAD6;LTBP2;SMAD7;TGIF1;PMEPA1;ID2;WWTR1;THBS1;BCAR3;JUNB;KLF10;BMP2;FURIN;LEFTY2"
"HALLMARK_APICAL_JUNCTION",0.0586261980830671,0.234701400835586,0.353514920942344,1.23852905067487,366,195,"ICAM4;CD34;ACTC1;ACTG2;FYB1;CDH15;SYK;PECAM1;DMP1;MYL9;ACTN3;ICAM2;NECTIN4;FLNC;TGFBI;CLDN5;BMP1;CD274;KRT31;COL16A1;THBS3;PTPRC;ITGA10;LIMA1;RRAS;CLDN4;ITGA9;ICAM1;NEXN;MDK;DSC3;CDH11;FBN1;MMP2;COL9A1;LDLRAP1;MYH9;ACTN1;CNN2;CDH6;LAYN;CD99;DSC1;PARVA;AMH;VCL;CLDN15;ZYX;PFN1;ITGB4;SGCE"
"HALLMARK_COAGULATION",0.0518151815181518,0.234701400835586,0.39148111338678,1.29895521800423,313,123,"MMP7;CFI;F11;C9;APOC3;PECAM1;MMP14;FN1;ANXA1;S100A1;THBD;SERPINE1;PLAU;PLAT;PLEK;APOA1;BMP1;TFPI2;CFH;TIMP3;SPARC;PDGFB;ITGB3;C8G;SERPINA1;CSRP1;CTSH;APOC1;PROZ;FBN1;MMP2;CTSO;PRSS23;CPQ;ACOX2;CTSV;THBS1;ANG;COMP;F2;SERPINC1;MMP10"
"HALLMARK_HYPOXIA",0.0610223642172524,0.234701400835586,0.352314981455936,1.23432509823913,381,195,"SULT2B1;CAVIN3;EDN2;IER3;ENO3;SERPINE1;BGN;CCN2;COL5A1;CAV1;PLAUR;CAVIN1;ADM;IGFBP3;TGFBI;LOX;STC2;CCN1;ZFP36;TGM2;ETS1;PDGFB;DCN;HOXB9;TPBG;MT2A;LXN;PPP1R3C;SDC2;CDKN1A;GPC3;NR3C1;CSRP2;STBD1;SELENBP1;JUN;KDELR3;MYH9;P4HA1;SDC4;ATF3;S100A4;NAGK;PLAC8;TMEM45A;ISG20;PLIN2;TNFAIP3;FOSL2;SAP30;BHLHE40;ANGPTL4;EFNA1;SLC2A1;CHST2;CASP6;EXT1;WSB1;DDIT4"
"HALLMARK_IL2_STAT5_SIGNALING",0.133952892164717,0.478403186302561,0.335053686422553,1.16541856575509,835,182,"GBP4;IRF8;LTB;SELL;FLT3LG;GPR65;TNFSF11;S100A1;ENO3;RHOH;GADD45B;SOCS1;IL2RB;SPP1;TGM2;CISH;IL3RA;GLIPR2;NFKBIZ;PHLDA1;EMP1;CTSZ;AHNAK;IFITM3;WLS;CASP3;NT5E;ANXA4;CSF1;ITIH5;IL4R;ITGAV;CCR4;P4HA1;SHE;CD79B;ARL4A;ITGAE;SERPINC1;DCPS;PLAGL1;LIF;PLIN2;RGS16;BMP2;BHLHE40;TTC39B"
"HALLMARK_KRAS_SIGNALING_UP",0.177328843995511,0.591096146651702,0.325442271683193,1.13246677321198,1105,183,"PEG3;IRF8;IL33;CCL20;IL7R;ITGB2;INHBA;PLVAP;PECAM1;TNNT2;NGF;PLAU;TFPI;PLAUR;ENG;BTC;GNG11;IGF2;PRDM1;IGFBP3;PLAT;PRRX1;KCNN4;CFH;SPP1;TMEM176A;ETS1;PSMB8;ALDH1A3;EMP1;PTGS2;BIRC3;FCER1G;ADGRA2;GYPC;ADGRL4;SCN1B;ID2;GADD45G;LAT2;LAPTM5"
"HALLMARK_E2F_TARGETS",0.191866028708134,0.599581339712919,0.318768898734223,1.11873976224281,1202,200,"CDKN2A;CDKN2C;MXD3;CDKN1A;PTTG1;SNRPB;AURKB;CKS2;HMGB2;CKS1B;SHMT1;RRM2;H2AZ1;TK1;CDK4;PAN2;NAA38;RPA3;E2F8;POP7;ASF1B;CDK1;WDR90;CDCA3;RNASEH2A;SPAG5;DONSON;EED;PHF5A;MAD2L1;HNRNPD;CHEK2;PCNA;ORC6;CDC20;DIAPH3;SLBP;TACC3;KIF22;PLK1;MCM7;CDKN1B;NOP56;H2AX;DCTPP1;RPA2;RAD51AP1;KIF18B;ESPL1;RFC2;CENPM;RANBP1;CCNB2;MELK;CDCA8;CDKN3;UNG;SRSF2;CNOT9;BARD1;TCF19;AURKA;PSMC3IP;RFC3;DEPDC1;EZH2;AK2;MCM5;NME1;WEE1;SPC25;DDX39A;ILF3;CCNE1;LYAR;POLD1;SPC24;TRA2B;POLE;EXOSC8;DUT;PPP1R8;CDC25B;STMN1;MTHFD2;POLE4;RAD1;MCM3;DSCC1;MYBL2"
"HALLMARK_HEDGEHOG_SIGNALING",0.227704843820733,0.66972012888451,-0.408338323342997,-1.1612157738095,1005,36,"SCG2;PTCH1;SHH;OPHN1;ACHE;ADGRG1;THY1;NRP1;NRCAM;SLIT1;DPYSL2;RTN1;UNC5C;TLE3;CDK5R1;L1CAM;NF1;PLG;CRMP1"
"HALLMARK_OXIDATIVE_PHOSPHORYLATION",0.316746411483254,0.879851143009038,0.300186130748377,1.05352235389197,1985,200,"PDK4;TIMM10;ATP5ME;BAX;BDH2;DECR1;NDUFA2;NDUFA1;NDUFB3;ATP5MF;COX6B1;NDUFS6;NDUFB4;UQCRQ;NDUFA3;NDUFB1;ATP5MC2;COX5B;SLC25A20;COX7C;NDUFC1;COX7A2;NDUFB2;COX8A;POLR2F;ATP5MC3;ACADVL;NDUFS4;NDUFA7;ATP5PF;SLC25A3;MRPS12;SDHC;NDUFB7;SURF1;COX4I1;COX6C;UQCRH;ECI1;SDHD;TIMM8B;NDUFB5;NDUFV2;CYC1;NDUFA8;NDUFB6;MRPS11;MRPL11;COX6A1;ATP5MG;UQCR11;COX17;NDUFAB1;ATP5PD;PRDX3;ATP6V0E1;NDUFB8;UQCR10;NDUFS3;CASP7;NDUFA4;NDUFC2;MRPS15;TIMM13;ATP6V1G1;ATP5F1D;HTRA2;RHOT2;TIMM50;IDH3B;ETFA;ISCU;PHB2;GRPEL1;NDUFS8;ECH1;ATP5F1E;COX7B;ETFB;ACAA1;GPX4;NDUFA6;MTRF1;ATP6V1F;MRPL34;TCIRG1;ECHS1;ATP5MC1;UQCRFS1;HSD17B10;ATP5F1C;ATP5PO;VDAC2;COX5A;FXN;MTRR;SUCLG1;ACAA2"
"HALLMARK_COMPLEMENT",0.39967845659164,0.9991961414791,0.292950424545164,1.01957540743737,2485,184,"CXCL1;APOA4;C9;CD40LG;DGKG;MMP14;MMP13;FN1;F5;PIK3R5;SERPINE1;CASP4;GATA3;PLAUR;PLAT;LTF;PLEK;TFPI2;CFH;ZFPM2;LCP2;PDGFB;SERPINA1;PSMB9;L3MBTL4;FCER1G;CSRP1;CTSH;CASP3;APOC1;COL4A2;ERAP2;CTSC;CTSO;PLA2G4A;CPQ"
"HALLMARK_INTERFERON_GAMMA_RESPONSE",0.393763213530655,0.9991961414791,-0.279131143672287,-1.01935840326682,1489,187,"IFI30;OASL;OAS2;IFIT2;ITGB7;IDO1;MX1;CCL5;CXCL10;P2RY14;FCGR1A;FGL2;IFI44L;CMKLR1;TRIM14;CFB;IFIH1;IFIT3;VCAM1;GCH1;APOL6;LYSMD2;RSAD2;IL10RA;IL15RA;XAF1;SSPN;DHX58;GBP6;IRF5;IFI44;CMPK2;IFIT1;ST8SIA4"
"HALLMARK_ADIPOGENESIS",0.975988474467745,1,0.22138504381825,0.774700767029135,6096,193,"OMD;CDKN2C;FABP4;ADIPOQ;PPARG;CAVIN2;CAVIN1;COL4A1;LAMA4;ACADL;SULT1A1;GADD45A;SQOR;DECR1;ITIH5;NABP1;RAB34;ITGA7;LPL;HSPB8;ARL4A;ABCA1;UQCRQ;CD151;PLIN2;ANGPT1;ANGPTL4;APOE;COX8A;SDHC;NDUFB7;PFKFB3;COQ3;COQ5;CYC1;DDT;DHRS7B;COX6A1;UQCR11;NDUFAB1;PRDX3;UQCR10;NDUFS3;DNAJC15;IFNGR1;SORBS1;JAGN1;SLC1A5;PIM3;SLC66A3;SOWAHC;UCK1;AK2;CCNG2;GRPEL1;ADCY6;RMDN3;ECH1;UCP2;COX7B;FAH;ETFB;GPX4;GPD2;LTC4S"
"HALLMARK_ANDROGEN_RESPONSE",0.999327731092437,1,0.188494487637957,0.60705054705615,5945,99,"KLK3;KRT8;ADAMTS1;ALDH1A3;HSD17B14;MYL12A;KRT19;B2M;AZGP1;PMEPA1;ITGAV;ACTN1;TNFAIP8;MAF;SELENOP;NKX3-1;DBI;PTK2B;B4GALT1;CDK6;PTPN21;H1-0;HERC3"
"HALLMARK_APICAL_SURFACE",0.851127554615927,1,0.275476925192764,0.775891065934166,4830,43,"GHRL;GATA3;PLAUR;IL2RB;MAL;HSPB1"
"HALLMARK_BILE_ACID_METABOLISM",0.977559840425532,1,0.222710246862092,0.723814776863019,5880,105,"SULT2B1;SULT1B1;KLF1;AKR1D1;ALDH1A1;ABCA8;APOA1;TTR;ABCA4;ABCA6;BBOX1;NR1I2;SLC23A1"
"HALLMARK_CHOLESTEROL_HOMEOSTASIS",0.998976458546571,1,0.189535122632073,0.585952672755669,5855,74,"S100A11;PPARG;PLAUR;AVPR1A;TNFRSF12A;ADH4;GPX8;ATF3;LPL;JAG1"
"HALLMARK_DNA_REPAIR",0.99788377014488,1,0.201782614144608,0.685868481176069,6129,150,"NPR2;POLD4;POLR1H;NT5C;BOLA2;ZWINT;POLR2J;RPA3;EDF1;POLR2G;TYMS;TAF10;GTF2H5;RFC4;NME4;ADA;MPG;POLR2F;MRPL40;TARBP2;TAF12;SUPT4H1;SURF1;PCNA;POLR2I;RBX1;TK2;APRT;DGUOK;FEN1;GTF2A2;POLR2H;RPA2;COX17;RAD51;RFC2;AAAS;SAC3D1;TAF1C;RFC3;XPC;DAD1;SNAPC5;RFC5;GTF3C5;ERCC1;POLR2K;UMPS;NME1;POLL;ADCY6;POLR2C;POLH;CSTF3;GPX4;SUPT5H;POLD1;DGCR8;EIF1B;DUT;NELFE;DDB2;CLP1;POLE4"
"HALLMARK_ESTROGEN_RESPONSE_EARLY",0.999201277955272,1,-0.19143993452051,-0.700894123072539,3752,194,"MYC;CLDN7;KLF4;HR;EGR3;RAB17;SCNN1A;TTC39A;RET;THSD4;PDZK1;MPPED2;SYBU;TBC1D30;PGR;RETREG1;DEPTOR;NPY1R;PTGES;ABAT;TJP3;ABLIM1;BCL11B;PLAAT3;ENDOD1;FRK;ESRP2;MYB;SFN;TMEM164;CA12;SLC1A1;RPS6KA2;DYNLT3;WWC1;SLC1A4;FOS;SLC37A1;CCN5;MAPT;ITPK1;CALB2;INHBB;FASN;LAD1;SYNGR1;OLFM1;DHCR7;SOX3;ADCY9;REEP1;DHRS2;SLC7A2;BCL2;IL6ST;KAZN;EEIG1;PODXL;SLC22A5;ABCA3;AMFR;MLPH;AR;SCARB1;ADD3;FKBP5;SEC14L2"
"HALLMARK_ESTROGEN_RESPONSE_LATE",0.983943481053308,1,0.218176169616397,0.761802493176639,6127,190,"PLAC1;SULT2B1;GJB3;OVOL2;FOXC1;KLK10;TNNC1;CAV1;LTF;TMPRSS3;TFPI2;MYOF;ZFP36;BLVRB;TPBG;CISH;PDLIM3;SERPINA1;IGFBP4;MDK;TRIM29;KRT19;LLGL2;GPER1;ID2;PRSS23;NMU;CXCL12;LSR;BTG3;MEST;ACOX2;PAPSS2;HSPB8;MICB;ISG20;TPD52L1;ALDH3B1;IMPA2;RNASEH2A;GALE;FLNB;CYP26B1;EMP2;METTL3;OPN3;ANXA9;KCNK5;CDC20;SLC24A3;COX6C;NXT1"
"HALLMARK_FATTY_ACID_METABOLISM",1,1,-0.173590157103891,-0.617933212227951,3855,152,"XIST;GAD2;HMGCS2;MAOA;CBR3;HPGD;MGLL;ME1;EHHADH;GPD1;ENO2;DHCR24;PTPRG;ACSL4;CYP4A11;ACSS1;IL4I1;CD36;FASN;SMS;HMGCS1;BMPR1B;TP53INP2;RDH16;ACAT2;ADH1C;IDH1;ACOX1;RAP1GDS1;SLC22A5;HSD17B7;YWHAH;CRAT;ACSL1"
"HALLMARK_G2M_CHECKPOINT",0.931233008156085,1,0.233121394038099,0.817821544890943,5822,199,"CDKN2C;TGFB1;HOXC10;TROAP;MT2A;H2BC12;PTTG1;UBE2C;AURKB;CKS2;CKS1B;H2AZ1;CDK4;CENPA;CDC45;E2F1;CDK1;TRAIP;HMGN2;SAP30;MNAT1;MAD2L1;CDC7;KATNA1;HNRNPD;NDC80;DTYMK;ORC6;E2F4;CDC20;TACC3;KIF22;PLK1;BUB3;CDKN1B;GINS2;H2AX;RPA2;SNRPD1;SMAD3;ESPL1;EGF;CCNB2;CDKN3;AMD1;SRSF2;BARD1;H2AZ2;AURKA;EZH2;MCM5;PBK;CDC6;CBX1;NOTCH2;DDX39A;SS18;ILF3;STIL;ATF5;FBXO5;NUSAP1;TRA2B;POLE;CASP8AP2;ODC1"
"HALLMARK_GLYCOLYSIS",0.991194364393212,1,0.212540418556029,0.744111287921857,6190,194,"LCT;GPR87;IER3;COL5A1;MIOX;IGFBP3;TGFBI;STC2;DCN;TPBG;PLOD2;SDC2;GPC3;NT5E;KDELR3;P4HA1;NDST3;ANG;ISG20;CENPA;CDK1;POLR3K;SAP30;ANGPTL4;GALE;B3GAT3;CHST2;SDC1;CLDN3;EGLN3;CASP6;EXT1;DDIT4;SDHC;B4GALT1;LHPP;LHX9"
"HALLMARK_HEME_METABOLISM",0.998554913294798,1,0.19713293416036,0.688326140268353,6218,190,"ICAM4;GYPA;KLF1;SPTA1;PDZK1IP1;ACKR1;MYL4;SLC4A1;CLIC2;BLVRB;HBB;NR3C1;GYPC;ALDH1L1;RHAG;LRP10;KEL;SELENBP1;BTG2;EPOR;CROCCP2;RHCE"
"HALLMARK_INTERFERON_ALPHA_RESPONSE",0.433999025815879,1,-0.299703414447688,-1.00302613101713,1781,94,"IFI30;OASL;IFIT2;MX1;CXCL10;IFI44L;TRIM14;IFIH1;IFIT3;OAS1;IFITM1;RSAD2;DHX58;IFI44;NCOA7;CMPK2;GBP2;TENT5A;SAMD9;TRIM25;EIF2AK2;IL15;GMPR;HERC6"
"HALLMARK_KRAS_SIGNALING_DN",0.761387711864407,1,-0.2490163618591,-0.898076453775485,2874,170,"BRDT;CCR8;ALOX12B;MX1;TFCP2L1;NGB;AMBN;KLK8;SLC6A14;IFI44L;PTGFR;KRT5;THRB;TG;ATP4A;FGF16;SLC5A5;TEX15;NOS1;CCNA1;PRODH;MYH7;RSAD2;MAGIX;KRT4;DCC;CPB1;PNMT;HTR1B;GP2;SNCB;HTR1D;PKP1;RGS11;ABCB11;SLC25A23;MFSD6;MYO15A;PRKN;SIDT1"
"HALLMARK_MITOTIC_SPINDLE",1,1,0.127164533682817,0.446110473133245,6252,199,"ARHGAP10;CDC42EP1;PREX1;ARHGAP29;MYH9;PIF1;BCL2L11;NEDD9;ARHGAP27;VCL;CDK1;STK38L;FLNA;FLNB;CDC42EP2;BCAR1;ACTN4;KATNA1;NDC80;ARHGEF2;ARAP3;KIF22;PKD2;PLK1;ATG4B;PLEKHG2;ESPL1;CCNB2;GSN;SAC3D1;EPB41L2;UXT;AURKA;RHOT2;PDLIM5;WASF2;NOTCH2;CD2AP;FBXO5;ARHGAP4;RAPGEF6;NUSAP1;NET1;NCK1;EZR;TUBGCP6;MAP3K11;NCK2;ARFIP2;SUN2;PRC1;RHOF;CYTH2;FGD6;FSCN1;ROCK1;KPTN;BIRC5;CTTN;MARK4;CEP72;CDC42EP4;NEK2;MYO9B;PXN;SEPTIN9;KNTC1;TUBD1;PCGF5;PCNT;RAPGEF5;ABL1;INCENP;CEP131;KIF2C;DST;MARCKS;ALS2;NIN;BUB1;RACGAP1;SYNPO;AKAP13;LMNB1;TSC1;RASA1;SASS6;DLG1;SPTAN1;ABI1;TLK1;SMC4;KATNB1;CAPZB;TBCD;RABGAP1;CNTROB;TAOK2;TUBGCP5;SSH2;NUMA1;RICTOR;TUBGCP2;KIF5B;MAPRE1;LLGL1;PPP4R2;RANBP9;ARHGDIA;RALBP1;ARHGEF7;ITSN1;LATS1;CLIP1;CNTRL;ARL8A;RASA2;HDAC6;CDK5RAP2;CSNK1D;TOP2A;RAB3GAP1;TRIO;PALLD;CENPE;ECT2;KIF11;CEP192;DYNLL2;CPAP;ALMS1;STAU1;ARF6;WASL;DOCK2;FGD4;YWHAE;TPX2;KLC1;KIF23;PAFAH1B1;CCDC88A;CEP57;DLGAP5;CDC27;EPB41;MAP1S;TTK;CEP250;GEMIN4;SMC3;DOCK4;CDC42;TUBGCP3;BCR;ARHGEF11;WASF1;PCM1;TIAM1;KIF20B;CDC42BPA;CLIP2;SORBS2;FARP1;MYH10;RFC1;DYNC1H1;NF1;BIN1;MID1IP1;CENPF;KIF1B;CLASP1;MYO1E;ARHGAP5;LRPPRC;HOOK3;ANLN;ARHGEF12;ABR;ARHGEF3;APC;KIF4A;SHROOM1;CKAP5;ARFGEF1;BRCA2;KIF3B;KIFAP3;SPTBN1;SMC1A;SOS1;SHROOM2;KIF15;RASAL2;KIF3C;MID1"
"HALLMARK_MTORC1_SIGNALING",1,1,-0.142667757763097,-0.52406182084432,3731,200,"IFI30;FGL2;SLA;TUBA4A;CFP;ME1;QDPR;DHCR24;STARD4;INSIG1;SKAP2;SCD;SLC1A4;GOT1;GPI;BCAT1;SLC6A6;TMEM97;ELOVL6;PNP;PDK1;SQLE;HMGCS1;FADS1;DHCR7;POLR3G;AK4;CYP51A1;IDH1;GSK3B;ERO1A;HSPA4;PGM1;TM7SF2;STC1;LDLR;HMGCR;CANX;ACLY;ADD3"
"HALLMARK_MYC_TARGETS_V1",0.775757575757576,1,0.253747267642796,0.890542204712234,4863,200,"SNRPG;LSM7;HSPE1;U2AF1;ERH;H2AZ1;RPL34;CDK4;CDC45;SNRPD2;RPL22;TYMS;RPS10;PSMA2;RPS3;RFC4;CDK2;SSBP1;PABPC4;MAD2L1;SRSF7;SLC25A3;RRP9;HNRNPD;LSM2;PCNA;CDC20;PSMB3;HDGF;CYC1;SNRPB2;SNRPA1;RPL14;RPS6;MCM7;BUB3;NOP56;EXOSC7;SNRPD1;RPL18;EEF1B2;NDUFAB1;POLE3;PRDX3;RPS5;RANBP1;SNRPA;SRSF3;RPS2;PPIA;EIF4H;HNRNPC;SRSF2;TXNL4A;PSMA7;HNRNPA2B1;HNRNPA3;PRPF31;RPLP0;MCM5;PHB2;NME1;RPL6;NHP2;APEX1;PHB1;ILF2;TRA2B;MRPL9;PSMA1;ODC1;C1QBP;DUT;HDDC2;ACP1;CBX3;GNL3;AIMP2;COX5A;NOP16;HNRNPA1;TFDP1;DHX15"
"HALLMARK_MYC_TARGETS_V2",0.999287918347971,1,-0.170296245635506,-0.525229537081791,4209,58,"MYC;DUSP2;TMEM97;HK2;WDR43;RRP12;HSPD1;GRWD1;NOLC1;PPRC1;SLC29A2;MCM4;LAS1L;MYBBP1A;DDX18;SLC19A1;PLK4;SRM;FARSA;IPO4;SORD;UTP20;TCOF1;NIP7;PES1;PA2G4;MPHOSPH10;MRTO4;SUPV3L1;TFB2M;NPM1;NDUFAF4;NOP2;PPAN;BYSL;PRMT3;RABEPK;TBRG4;NOC4L;IMP4;NOP16;AIMP2;GNL3;CBX3;WDR74;RCL1;PHB1;MCM5;UNG;EXOSC5;PUS1;DCTPP1;NOP56;PLK1;MAP3K6;RRP9;CDK4;HSPE1"
"HALLMARK_NOTCH_SIGNALING",0.840372226198998,1,0.288053478991021,0.767247069017091,4695,32,"WNT2;HEYL;LFNG;JAG1;HES1;PSENEN;FZD1;SAP30;NOTCH3;RBX1;ST3GAL6;APH1A;WNT5A;NOTCH2;DLL1"
"HALLMARK_P53_PATHWAY",0.992163761394531,1,0.211528440657551,0.742070528707708,6203,199,"TM4SF1;CLCA2;CDKN2B;CDKN2A;IER3;TGFB1;TNNI1;NUPR1;SOCS1;IL1A;GADD45A;CDKN1A;BAX;VAMP8;H1-2;RPL36;FAS;H2AJ;SERPINB5;IER5;KRT17;PLK2;EPHA2;JUN;RPS27L;IRAG2;RPS12;BTG2;ATF3;SERTAD3;S100A4;TAX1BP3;PIDD1;TPD52L1;SPHK1;LIF;ITGB4;RGS16;BMP2;DGKA;TRIAP1;TRAF4;SLC3A2;TPRKB;ADA;SDC1;CDH13;DDIT4;PCNA;OSGIN1;PHLDA3"
"HALLMARK_PANCREAS_BETA_CELLS",0.661385242191037,1,-0.308857796517698,-0.878317132333266,2921,36,"GCG;PKLR;ABCC8;PCSK2;CHGA;DPP4;PAK3;SYT13;VDR;DCX;GCK"
"HALLMARK_PEROXISOME",1,1,-0.162581247088428,-0.549169310904759,4033,101,"SERPINA6;DIO1;ABCC8;ALB;STS;FABP6;EHHADH;DHCR24;ACSL4;RXRG;SOD2;ATXN1;CRABP1;FADS1;ABCD2;IDE;ESR2;IDH1;ACOX1;CLN8;SLC23A2;YWHAH;CRAT;ACSL1"
"HALLMARK_PI3K_AKT_MTOR_SIGNALING",0.999500873471425,1,-0.180774761251128,-0.610538656048476,4004,102,"LCK;FASLG;SLA;IL2RG;CAMK4;ADCY2;RPS6KA3;SFN;MAPK10;CAB39L;PLA2G12A;PRKAR2A;PDK1;PRKAA2;FGF22;RPS6KA1;GSK3B;MAPK9;PTEN;YWHAB;CLTC"
"HALLMARK_PROTEIN_SECRETION",0.999755022048016,1,-0.178124449096452,-0.59815146257027,4080,96,"SH3GL2;SSPN;RPS6KA3;TPD52;PAM;ICA1;OCRL;VAMP4;AP2B1;STX7;LAMP2;CLCN3;RAB22A;ARFGEF1;ATP7A;SCAMP1;GOLGA4;SGMS1;CLTC;KIF1B;GBF1;AP1G1;ATP6V1H;VPS4B;STX12;TSPAN8;DOP1A;RAB2A"
"HALLMARK_REACTIVE_OXYGEN_SPECIES_PATHWAY",0.993364763401432,1,0.205993174149541,0.591905440481153,5688,48,"LSP1;NQO1;LAMTOR5;NDUFB4;JUNB;PRDX6;PRDX1;MGST1;SBNO2;FTL;ATOX1"
"HALLMARK_UNFOLDED_PROTEIN_RESPONSE",0.940989635573387,1,0.235653372321803,0.771226951319267,5628,112,"CCL2;STC2;PDIA5;CKS1B;NABP1;KDELR3;RPS14;ATF3;EIF4EBP1;BANF1;ATF4;WIPI1;RRP9;DDIT4;ARFGAP1;SPCS1;NOP56;FKBP14;EXOSC1;H2AX;LSM1;BAG3;LSM4;EIF4A3;CEBPB;EXOSC5;SEC11A;ZBTB17;EXOSC4;EXOSC9;NHP2;PSAT1;FUS;CXXC1;EXOSC10;CALR;EDEM1"
"HALLMARK_UV_RESPONSE_DN",0.516456525298837,1,0.287753309880754,0.973209644845289,3153,144,"COL1A2;SNAI2;COL3A1;COL1A1;PPARG;SERPINE1;TFPI;ID1;CAV1;COL5A2;PDGFRB;CCN1;DAB2;ITGB3;IGFBP5;SDC2;SMAD7;GJA1;ANXA4;COL11A1;NR3C1;FBLN5;MGMT;TGFBR2;RBPMS;FHL2;SYNJ2;DLC1;PMP22;EFEMP1"
"HALLMARK_UV_RESPONSE_UP",0.947146562905318,1,0.231889027300406,0.792701807075374,5841,157,"CXCL2;NKX2-5;CDKN2B;MMP14;SHOX2;MSX1;PDLIM3;ICAM1;SULT1A1;CASP3;IGFBP2;APOM;FMO1;BTG2;BTG3;ATF3;BCL2L11;CTSV;SLC6A12;CDO1;PTPRD;JUNB;FOSB;BMP2;RFC4;CDK2;IRF1;LYN;HYAL2;GGH;FURIN;RAB27A;NAT1;UROD;BTG1;FEN1;AP2S1;POLR2H;H2AX;FGF18;POLE3;PRPF3;PDAP1"
"HALLMARK_WNT_BETA_CATENIN_SIGNALING",0.984527832118086,1,0.218208162307453,0.608189696840154,5535,41,"WNT6;HEY1;WNT1;JAG1;DKK1;FZD1;NKD1;DVL2;NCSTN"
"HALLMARK_XENOBIOTIC_METABOLISM",0.999678146121661,1,0.189852448820582,0.661429313554598,6211,186,"IRF8;F11;G6PC1;IGF1;SERPINE1;TDO2;ACSM1;ENPEP;BLVRB;ATOH8;PDK4;HSD17B2;MT2A;NQO1;IGFBP4;FABP1;CYP4F2;HES6;FMO1;FAS;VNN1;ID2;EPHA2;LCAT;VTN;ESR1;ACOX2;SLC6A12;PAPSS2;CDO1;DDAH2;TGFB2;SERTAD1;SLC22A1"
