"GENEID","GENENAME","log2FoldChange.iPSC","padj.iPSC","baseMean.iPSC","log2FoldChange.iNeurons","padj.iNeurons","baseMean.iNeurons","overlap_category","mean_abs_lfc","direction_concordant"
"ENSG00000165246","NLGN4Y",9.41639742126335,0.0126488324422569,784.899339837369,9.97342011992069,2.22287677479287e-05,336.271870105328,"Both",9.69490877059202,TRUE
"ENSG00000214548","MEG3",-9.09292275093223,0.00276451231548858,2763.91890187347,-7.45857972814432,1.44645983665871e-20,4296.71752125359,"Both",8.27575123953827,TRUE
"ENSG00000225746","MEG8",-9.78625873583998,4.95256982630991e-10,80.1261732303242,-6.19486721600696,8.73300206885882e-06,42.19860466697,"Both",7.99056297592347,TRUE
"ENSG00000291115","",-8.87592175345718,9.7658989931887e-08,42.7066441033182,-6.98882604562716,6.18411719613245e-08,50.7706879704313,"Both",7.93237389954217,TRUE
"ENSG00000229807","XIST",-6.51236827344097,3.99521367538183e-10,1141.42883747653,-9.05312993979298,7.32010709810237e-21,2288.97167261685,"Both",7.78274910661698,TRUE
"ENSG00000223403","MEG9",-7.06221140190204,1.52464628113809e-08,62.6766098848491,-6.73214128531644,4.04358693317072e-18,129.995362535713,"Both",6.89717634360924,TRUE
"ENSG00000197360","ZNF98",-6.40783362139365,0.0145121391042652,283.56903174068,-5.72823088976296,6.25445224714279e-06,50.3676524069497,"Both",6.0680322555783,TRUE
"ENSG00000174080","CTSF",-5.70141517373958,9.28524010796096e-33,243.806201739491,-5.60780575018036,0.000197320029971536,53.3164951028663,"Both",5.65461046195997,TRUE
"ENSG00000213973","ZNF99",-4.81637011637083,1.4347825530889e-10,97.2264533330654,-5.96319545699308,0.00808282608718191,20.8819933024371,"Both",5.38978278668196,TRUE
"ENSG00000127399","LRRC61",-4.44540659154416,0.0111068822878842,260.198583018284,-5.0513585014286,0.00124614160545239,245.754938035213,"Both",4.74838254648638,TRUE
"ENSG00000290937","",2.40226655013441,1.32936311714433e-11,318.544149693854,3.84264607101961,8.01071881433549e-05,118.373614727178,"Both",3.12245631057701,TRUE
"ENSG00000233098","CCDC144NL-AS1",2.06400474846464,0.0158060087526341,264.770320032935,1.78209276631321,0.0296602450878023,447.382212468334,"Both",1.92304875738893,TRUE
"ENSG00000205746","PKD1P4",1.33603721496425,0.00856667822419343,491.401933154733,1.29788144904792,0.0490994113264446,1693.35360938134,"Both",1.31695933200608,TRUE
"ENSG00000056998","GYG2",-0.815649695074379,0.0109918233848076,2284.49547948206,-1.29148606239964,0.0106084820080501,1602.83364323851,"Both",1.05356787873701,TRUE
"ENSG00000099715","PCDH11Y",8.24273587552076,0.661224525230787,28.2924197155685,6.17712883382171,0.000762836898778997,74.7147471249695,"Only_iNeurons",7.20993235467123,NA
"ENSG00000264204","AGAP7P",-5.94173516705551,0.442730543007696,41.4336691506332,-5.91423281233215,0.00352803020279403,51.1108873736599,"Only_iNeurons",5.92798398969383,NA
"ENSG00000270641","TSIX",-2.34945382910918,0.999991169262577,66.1276504784587,-9.30283608833675,6.1635405936421e-15,311.244621182574,"Only_iNeurons",5.82614495872296,NA
"ENSG00000259132","",-6.82914254828307,0.821544622489095,10.3118836801316,4.57652552075223,0.018587793070032,35.1388775743204,"Only_iNeurons",5.70283403451765,NA
"ENSG00000268173","",3.08187960923297,0.388716502721468,25.737430935075,8.1920711234651,4.94433495291051e-06,28.1060338542598,"Only_iNeurons",5.63697536634904,NA
"ENSG00000196350","ZNF729",-5.26811291408248,0.596706662427807,335.553122975182,-5.57764971022725,0.0214038912254418,42.6086840652484,"Only_iNeurons",5.42288131215487,NA
"ENSG00000229676","ZNF492",-4.90691812431786,0.224081374034608,356.801190615555,-5.80103548983622,8.50089115606433e-07,96.0249611023154,"Only_iNeurons",5.35397680707704,NA
"ENSG00000293476","",-3.82784488179595,0.222439978363,188.978316140955,-6.8456792497539,0.0214038912254418,207.411644030046,"Only_iNeurons",5.33676206577492,NA
"ENSG00000285901","",0.466025064567875,0.762152709974078,358.821451039115,10.1987099366334,9.95960449232961e-13,112.891137624158,"Only_iNeurons",5.33236750060065,NA
"ENSG00000277150","F8A3",-2.58546230941556,0.991690017728378,67.1854564422816,-7.73289091429847,6.97784451480763e-05,69.7168356588512,"Only_iNeurons",5.15917661185702,NA
"ENSG00000119125","GDA",-3.57133915684437,0.447843497553916,153.227630830057,-6.64140117828928,0.0180730644711915,34.2780040490774,"Only_iNeurons",5.10637016756683,NA
"ENSG00000215030","RPL13P12",3.5627506970203,0.157723497557294,241.381280625139,5.22037378248386,0.000553779000017596,129.164126670268,"Only_iNeurons",4.39156223975208,NA
"ENSG00000214176","PLEKHM1P1",-0.611864008118941,NA,3.18414951959339,8.10437047166684,0.000104735529700645,26.4697617330686,"Only_iNeurons",4.35811723989289,NA
"ENSG00000253537","PCDHGA7",-1.49193803230077,0.98896867922178,28.740523783559,-7.12414714417862,6.30748295053765e-16,545.38070127301,"Only_iNeurons",4.3080425882397,NA
"ENSG00000177675","CD163L1",-4.98712267621664,NA,2.86151342306778,3.49576204549969,0.0115502706274067,68.3096790558726,"Only_iNeurons",4.24144236085816,NA
"ENSG00000254245","PCDHGA3",-2.70419521955959,0.157723497557294,32.8619167284369,-5.76068621377261,7.38449277444253e-13,768.927534412779,"Only_iNeurons",4.2324407166661,NA
"ENSG00000197134","ZNF257",-3.48328973428933,0.991690017728378,342.543279182977,-4.91815967654696,0.0110873573165226,50.0645375360721,"Only_iNeurons",4.20072470541814,NA
"ENSG00000286787","",3.84088842240401,NA,1.33924088286481,4.01810985629312,0.0359725612215856,19.2924849619266,"Only_iNeurons",3.92949913934857,NA
"ENSG00000216490","IFI30",-0.668599098124862,0.249600497556432,581.710891255611,-7.18329253203394,0.0123201467934945,12.820370132582,"Only_iNeurons",3.9259458150794,NA
"ENSG00000147883","CDKN2B",-4.83078369320828,0.641530259943324,6.24214267015615,2.99680960591636,0.000611508919875658,335.513278374329,"Only_iNeurons",3.91379664956232,NA
"ENSG00000291142","",-4.44047850364409,0.563079712893553,9.34274342881057,-2.56726796595093,0.0428312179950176,125.577639907647,"Only_iNeurons",3.50387323479751,NA
"ENSG00000104321","TRPA1",1.18656952981581,0.999991169262577,26.2781734364628,-5.6486785061305,0.00123956612714096,37.5335540614545,"Only_iNeurons",3.41762401797315,NA
"ENSG00000176907","TCIM",3.18153278268215,NA,0.848943488223736,3.65286531957052,0.00123956612714096,169.208552515829,"Only_iNeurons",3.41719905112633,NA
"ENSG00000274553","CICP15",-0.241163370382292,NA,1.36493554824191,6.46660118923603,0.0200691756262089,8.49194237611767,"Only_iNeurons",3.35388227980916,NA
"ENSG00000257529","RPL36A-HNRNPH2",-0.0776328473892778,0.999991169262577,2997.83395893954,-6.54183891572711,2.46053701320563e-05,366.982610409363,"Only_iNeurons",3.30973588155819,NA
"ENSG00000229183","PGA4",-0.498451604720909,0.999991169262577,11.7673122737809,6.00068672885997,0.0143285065544378,13.8224278785363,"Only_iNeurons",3.24956916679044,NA
"ENSG00000253731","PCDHGA6",-1.25277726672218,0.674124505270683,81.6646858316585,-5.20327953095883,8.65933706541407e-07,574.125660191918,"Only_iNeurons",3.2280283988405,NA
"ENSG00000273213","H3-7",-1.32882499966893,0.999991169262577,91.0402987068466,-5.00606026462683,0.000155034873413853,18.3091949429113,"Only_iNeurons",3.16744263214788,NA
"ENSG00000258644","SYNJ2BP-COX16",1.78670893331168,0.999991169262577,13.2922604853545,4.40755469297097,0.0483882388326029,18.114227799603,"Only_iNeurons",3.09713181314133,NA
"ENSG00000259129","LINC00648",-3.421209649511,NA,64.1019476163319,-2.6189069500047,0.000271375461661641,120.051283145535,"Only_iNeurons",3.02005829975785,NA
"ENSG00000169896","ITGAM",1.82104774295283,0.953279509148788,25.0227761888807,-4.05280567067821,0.0367872930901247,43.0089744219791,"Only_iNeurons",2.93692670681552,NA
"ENSG00000170044","ZPLD1",3.33108862201397,NA,0.937658224259576,-2.27970778984192,0.0399946477470075,25.9795700917893,"Only_iNeurons",2.80539820592795,NA
"ENSG00000163453","IGFBP7",-1.19494536617,0.999991169262577,7.19517801645493,4.2379766470006,0.00625030471455885,570.206862619225,"Only_iNeurons",2.7164610065853,NA
"ENSG00000145623","OSMR",0.0519242091530697,0.999991169262577,194.907116257134,5.16104933261442,0.00186080022969268,22.5629868862005,"Only_iNeurons",2.60648677088375,NA
"ENSG00000204961","PCDHA9",-1.75619081749992,0.223670645382786,55.5255187564121,-3.33371004054629,0.00212510753642522,118.924728098876,"Only_iNeurons",2.54495042902311,NA
"ENSG00000128510","CPA4",1.98642165810132,NA,1.6916883501454,3.04679885277583,0.00697578307684466,61.61708681124,"Only_iNeurons",2.51661025543857,NA
"ENSG00000168542","COL3A1",-1.75417619178465,0.999991169262577,7.78762661564917,3.17913483408087,0.037402823202691,11214.9814085466,"Only_iNeurons",2.46665551293276,NA
"ENSG00000164694","FNDC1",0.993082378880472,0.999991169262577,23.2199835257548,3.90041809545453,6.78091588467282e-05,81.5719351468044,"Only_iNeurons",2.4467502371675,NA
"ENSG00000122691","TWIST1",0.992768340248139,0.999991169262577,10.6195830462696,3.8419215723649,0.00131978629559005,124.960858721682,"Only_iNeurons",2.41734495630652,NA
"ENSG00000113211","PCDHB6",-2.58810856835099,0.999991169262577,6.73620708934967,-2.21939934331183,0.00111195044657465,54.0279972226662,"Only_iNeurons",2.40375395583141,NA
"ENSG00000158486","DNAH3",0.935582320398407,0.999991169262577,16.9188119812675,-3.81391558194971,0.00846595821874868,13.900236467907,"Only_iNeurons",2.37474895117406,NA
"ENSG00000122641","INHBA",1.49689776389398,0.397003460523697,97.6759513941381,3.17943566112515,0.00276521278190539,75.6248340338353,"Only_iNeurons",2.33816671250957,NA
"ENSG00000145936","KCNMB1",-0.697590131573099,0.999991169262577,66.0942050667527,3.90868668903083,3.71043805247033e-05,62.1151688782832,"Only_iNeurons",2.30313841030196,NA
"ENSG00000085741","WNT11",-1.5500725502104,0.999991169262577,9.55344923416183,3.03683561252548,0.0471091179090611,20.5104427246953,"Only_iNeurons",2.29345408136794,NA
"ENSG00000163017","ACTG2",-0.722502920619881,0.807283302909846,374.315668529738,3.78299413341098,0.0143565973826556,416.397566148322,"Only_iNeurons",2.25274852701543,NA
"ENSG00000163191","S100A11",0.450159504086446,0.412336274599467,1844.946580764,3.97519939229631,1.44645983665871e-20,671.035394314555,"Only_iNeurons",2.21267944819138,NA
"ENSG00000164125","GASK1B",-2.27335375212039,0.999991169262577,9.1153382737716,2.11102652766603,0.0490994113264446,392.876999732046,"Only_iNeurons",2.19219013989321,NA
"ENSG00000205592","MUC19",-0.655678299905037,0.999991169262577,28.7330400556762,3.72595502511073,0.0296602450878023,83.1975795468682,"Only_iNeurons",2.19081666250789,NA
"ENSG00000288597","",0.558047548754512,0.999991169262577,323.414367784947,-3.74963435835265,0.0213512158999621,32.677531468539,"Only_iNeurons",2.15384095355358,NA
"ENSG00000267374","MIR924HG",1.53079158511521,0.470468359383452,119.926334162118,2.76917554080787,0.0498196228310351,24.93311807989,"Only_iNeurons",2.14998356296154,NA
"ENSG00000189108","IL1RAPL2",-0.0759910097486867,0.999991169262577,11.4183321375816,-4.10384540901562,0.0120938739782044,18.0646768939432,"Only_iNeurons",2.08991820938216,NA
"ENSG00000049247","UTS2",0.514647979262146,0.999991169262577,25.4448671579972,-3.64771893212872,0.000175696545667692,105.421680235808,"Only_iNeurons",2.08118345569543,NA
"ENSG00000163359","COL6A3",0.8871478618695,0.559927710428779,151.847356486183,3.1630025477659,1.22224230014196e-05,248.04329414748,"Only_iNeurons",2.0250752048177,NA
"ENSG00000170955","CAVIN3",-0.527013221693881,0.792787341604997,612.529378710558,3.45135542979856,0.0120952981462417,112.113772929887,"Only_iNeurons",1.98918432574622,NA
"ENSG00000123572","NRK",0.801604922882885,0.85990123813611,282.065450030599,3.095250114462,0.0143285065544378,189.431486065859,"Only_iNeurons",1.94842751867244,NA
"ENSG00000120149","MSX2",0.909523427079364,0.999991169262577,15.887208007945,2.9469663780421,2.09740498566442e-05,103.955403363462,"Only_iNeurons",1.92824490256073,NA
"ENSG00000120907","ADRA1A",-1.25465287480562,0.999991169262577,10.5555633826539,-2.58121744595983,0.0490994113264446,27.8091422608112,"Only_iNeurons",1.91793516038273,NA
"ENSG00000149090","PAMR1",0.13470615830964,0.999991169262577,138.474921692287,3.66797469229191,0.0223719876257844,287.127476977917,"Only_iNeurons",1.90134042530078,NA
"ENSG00000169908","TM4SF1",0.187900950238783,0.999991169262577,14.2455389161225,3.60709893172674,0.0220531242060353,68.9719340933732,"Only_iNeurons",1.89749994098276,NA
"ENSG00000251493","FOXD1",0.847187723638681,0.999991169262577,18.9569266439063,2.94531865154282,0.00349573484048864,293.434006879322,"Only_iNeurons",1.89625318759075,NA
"ENSG00000253485","PCDHGA5",0.135650424044578,0.999991169262577,7.69601310145935,-3.5856428945811,0.0266466359198691,81.6890764445105,"Only_iNeurons",1.86064665931284,NA
"ENSG00000164692","COL1A2",0.211131613984854,0.999991169262577,3147.4284907263,3.49044359400604,0.000601406998855404,5147.27635114731,"Only_iNeurons",1.85078760399545,NA
"ENSG00000274565","",1.25068873751098,0.991690017728378,17.5056612532104,2.43897580593132,0.00250332861032877,39.5236935357906,"Only_iNeurons",1.84483227172115,NA
"ENSG00000250575","",1.61501149388999,0.159707030182281,114.462260501517,2.06270747720007,0.00900121184331958,224.447838065136,"Only_iNeurons",1.83885948554503,NA
"ENSG00000019549","SNAI2",0.269130638135847,0.999991169262577,17.0426331971855,3.26187241721568,8.75765071379553e-06,377.331683983865,"Only_iNeurons",1.76550152767576,NA
"ENSG00000107485","GATA3",1.12492948895723,0.999991169262577,15.6380480091392,2.3936059331479,0.02629916508391,36.2221715914657,"Only_iNeurons",1.75926771105256,NA
"ENSG00000102755","FLT1",0.0888829282528023,0.999991169262577,4956.68239152253,3.30576101861256,0.00173130087814295,124.365305061786,"Only_iNeurons",1.69732197343268,NA
"ENSG00000245904","BTG1-DT",0.458352443042787,0.999991169262577,25.5246669665687,2.80089255012033,0.0143285065544378,28.6808165027155,"Only_iNeurons",1.62962249658156,NA
"ENSG00000108515","ENO3",0.631969293059103,0.647966064397009,198.577480332789,2.62291108397747,0.0170349912406678,323.101906909698,"Only_iNeurons",1.62744018851828,NA
"ENSG00000138080","EMILIN1",0.58123387227142,0.98896867922178,119.756074865805,2.63764374026603,0.00974991307023045,696.269426369541,"Only_iNeurons",1.60943880626872,NA
"ENSG00000108821","COL1A1",0.229871779238425,0.999991169262577,3338.32009345308,2.98625113901279,0.013588734525102,13132.4819464994,"Only_iNeurons",1.60806145912561,NA
"ENSG00000157227","MMP14",0.264025584867292,0.918564540730056,2776.77419048578,2.93067342170214,0.000976975972236625,1911.20254031618,"Only_iNeurons",1.59734950328471,NA
"ENSG00000147889","CDKN2A",0.264088937514517,0.999991169262577,8.03958382527596,2.91577643986707,0.0442574855239806,83.0429010999901,"Only_iNeurons",1.58993268869079,NA
"ENSG00000198467","TPM2",-0.419002589507588,0.844303170140072,3395.0668580893,2.69508118269228,0.0086294614547487,2651.2783169784,"Only_iNeurons",1.55704188609994,NA
"ENSG00000180318","ALX1",0.716397851739228,0.999991169262577,7.92833940548803,2.35082350663798,0.0399946477470075,37.8431222884813,"Only_iNeurons",1.5336106791886,NA
"ENSG00000105329","TGFB1",0.348488511855329,0.999991169262577,227.922745432494,2.64017553617151,2.78573394883017e-18,901.408289977971,"Only_iNeurons",1.49433202401342,NA
"ENSG00000137331","IER3",-0.240161488135775,0.999991169262577,516.295857707891,2.66384047230714,3.71043805247033e-05,334.188103837574,"Only_iNeurons",1.45200098022146,NA
"ENSG00000174807","CD248",-0.197144514194578,0.999991169262577,149.843676501546,2.70322826981837,0.0151888114280973,348.357247644961,"Only_iNeurons",1.45018639200648,NA
"ENSG00000003436","TFPI",0.638570992666648,0.999991169262577,83.5417953352732,2.2070681431033,0.0220531242060353,315.903252589297,"Only_iNeurons",1.42281956788497,NA
"ENSG00000117318","ID3",-0.154100257840973,0.999991169262577,2524.04390671703,2.59456426506059,0.00974991307023045,1775.77952682549,"Only_iNeurons",1.37433226145078,NA
"ENSG00000105499","PLA2G4C",-0.927603138263294,0.739354364471733,217.955625864505,-1.8203312174806,0.0170349912406678,69.9172132784745,"Only_iNeurons",1.37396717787195,NA
"ENSG00000166482","MFAP4",-0.100685643738806,0.999991169262577,137.441449967407,2.64657301552242,0.00816755837445593,794.730722176722,"Only_iNeurons",1.37362932963061,NA
"ENSG00000131951","LRRC9",-0.487490322535523,0.999991169262577,28.4429487096782,-2.24100519418814,0.0030225302051371,48.0718165802204,"Only_iNeurons",1.36424775836183,NA
"ENSG00000100918","REC8",-0.675311554134784,0.427431666465844,694.284801457263,-2.03971565386568,0.00165841616830089,1332.21696658354,"Only_iNeurons",1.35751360400023,NA
"ENSG00000221869","CEBPD",0.435907330549752,0.999991169262577,51.0485739332131,2.27894132069485,0.0428312179950176,40.3261973715523,"Only_iNeurons",1.3574243256223,NA
"ENSG00000187416","LHFPL3",-0.273580090070798,0.999991169262577,19.2477936022899,-2.32675026818256,0.0488470388446372,318.236314619614,"Only_iNeurons",1.30016517912668,NA
"ENSG00000006756","ARSD",-1.14583264640931,0.43500911056446,196.490264431357,-1.44100971046552,0.00326878394568857,843.753180091455,"Only_iNeurons",1.29342117843741,NA
"ENSG00000250786","SNHG18",-0.0525453467281407,0.999991169262577,157.031357470197,2.44031719200548,0.0235224055301775,88.283105202857,"Only_iNeurons",1.24643126936681,NA
"ENSG00000163702","IL17RC",0.097544236054946,0.999991169262577,282.489292891712,2.34610403248425,0.0392594284826903,267.844543078603,"Only_iNeurons",1.2218241342696,NA
"ENSG00000204969","PCDHA2",-0.386731077163246,0.999991169262577,64.7386074447624,-2.05685483589599,0.00140596431695264,503.873091338571,"Only_iNeurons",1.22179295652962,NA
"ENSG00000267470","ZNF571-AS1",-0.20014882142343,0.999991169262577,42.9740894476392,-2.2010071942157,7.08994479362409e-06,192.919888169523,"Only_iNeurons",1.20057800781956,NA
"ENSG00000137573","SULF1",-0.0761543529550678,0.999991169262577,238.068898033328,2.2757623847482,0.0110738282176699,1341.23514689153,"Only_iNeurons",1.17595836885164,NA
"ENSG00000125968","ID1",-0.150873472240388,0.999991169262577,1790.15099334411,2.17573431908148,0.000890513846161822,1196.82212320938,"Only_iNeurons",1.16330389566094,NA
"ENSG00000155511","GRIA1",0.332247963534712,0.999991169262577,24.7235078047551,-1.98990966103308,0.00846595821874868,1801.79376036912,"Only_iNeurons",1.1610788122839,NA
"ENSG00000080573","COL5A3",-0.0451631609461236,0.999991169262577,69.8498529354565,2.24451518203367,0.0328063052009226,552.601478319559,"Only_iNeurons",1.1448391714899,NA
"ENSG00000287038","",0.156216520404582,0.999991169262577,62.4041459065455,-2.05113599139648,0.0442574855239806,64.0527714464181,"Only_iNeurons",1.10367625590053,NA
"ENSG00000259605","",-0.0573137137445886,0.999991169262577,73.9260144018656,2.12492280175692,0.0120938739782044,56.7124508208275,"Only_iNeurons",1.09111825775075,NA
"ENSG00000066382","MPPED2",-0.574427223368606,0.999991169262577,87.5612358478868,-1.60491037054531,0.022314096184239,802.06823514031,"Only_iNeurons",1.08966879695696,NA
"ENSG00000176884","GRIN1",0.253927748513205,0.999991169262577,66.1678496016354,-1.9185255251055,0.000183399685543534,470.200779499985,"Only_iNeurons",1.08622663680935,NA
"ENSG00000071205","ARHGAP10",-0.107898473915991,0.999991169262577,188.700641103217,2.03181359797683,0.000524473494661831,246.385113784968,"Only_iNeurons",1.06985603594641,NA
"ENSG00000162745","OLFML2B",-0.207281668957639,0.999991169262577,305.417632533972,1.89241308602587,0.00998103795461967,322.895108901397,"Only_iNeurons",1.04984737749176,NA
"ENSG00000006327","TNFRSF12A",-0.169022878678025,0.999991169262577,1104.9752675085,1.9112858457085,0.0418606060067189,433.837855454016,"Only_iNeurons",1.04015436219326,NA
"ENSG00000274588","DGKK",-0.55123309595387,0.726337402840695,651.254951166426,-1.52496458485268,0.0412204761415066,120.520879718942,"Only_iNeurons",1.03809884040328,NA
"ENSG00000142694","EVA1B",0.0190579228301425,0.999991169262577,187.299456509404,2.02644335221527,0.00699427848817794,285.977518617949,"Only_iNeurons",1.02275063752271,NA
"ENSG00000140682","TGFB1I1",-0.0914603909110704,0.999991169262577,189.846398202745,1.94371565800356,0.0169052331459302,349.503554155107,"Only_iNeurons",1.01758802445731,NA
"ENSG00000106333","PCOLCE",0.305783396872238,0.930612008270702,1080.57602344889,1.7029478435799,0.0490994113264446,406.933974461314,"Only_iNeurons",1.00436562022607,NA
"ENSG00000226070","LINC00951",-0.179351794028656,0.999991169262577,46.1618424384058,-1.7649953087676,0.0125186748336441,78.2273931412546,"Only_iNeurons",0.972173551398127,NA
"ENSG00000165995","CACNB2",0.2925393288763,0.999991169262577,130.030777880267,-1.58766137974365,0.0315466982999457,217.549942519416,"Only_iNeurons",0.940100354309973,NA
"ENSG00000260442","ATP2A1-AS1",-0.281101730645598,0.999991169262577,78.2890891621123,1.57443661196797,0.0288844466963653,77.474062252655,"Only_iNeurons",0.927769171306783,NA
"ENSG00000255152","MSH5-SAPCD1",-0.179029818044712,0.999991169262577,123.153033715661,1.66625013213946,0.0284116477614028,131.466143744718,"Only_iNeurons",0.922639975092084,NA
"ENSG00000172348","RCAN2",0.288759580923924,0.99455373620226,480.815405120813,-1.55568243166105,0.0235224055301775,1778.22714086565,"Only_iNeurons",0.922221006292487,NA
"ENSG00000101746","NOL4",-0.660814763941652,0.999991169262577,38.9657886547962,-1.16069288873531,0.0296602450878023,455.816831753044,"Only_iNeurons",0.910753826338482,NA
"ENSG00000185043","CIB1",0.142024488001854,0.999991169262577,358.365383707737,1.67188639306895,0.00155849857736902,298.912913513402,"Only_iNeurons",0.906955440535403,NA
"ENSG00000147231","RADX",-0.206038389309631,0.999991169262577,176.965089319008,-1.60293211964528,0.0143565973826556,945.276454173149,"Only_iNeurons",0.904485254477457,NA
"ENSG00000122574","WIPF3",0.125112613759047,0.999991169262577,713.418119151154,-1.66900173001533,0.00813709576912392,325.874950607268,"Only_iNeurons",0.897057171887186,NA
"ENSG00000168487","BMP1",-0.0279843132710175,0.999991169262577,147.312096321878,1.7460005846973,0.0214038912254418,1516.69175041723,"Only_iNeurons",0.886992448984157,NA
"ENSG00000183943","PRKX",-0.592217136013592,0.287141543772291,3233.06522587156,-1.17513723716395,0.00768556244025969,3804.09513252187,"Only_iNeurons",0.883677186588769,NA
"ENSG00000091136","LAMB1",0.205947080110315,0.98896867922178,2389.47774531247,1.54699018317872,0.000976975972236625,4533.1218062712,"Only_iNeurons",0.876468631644519,NA
"ENSG00000122694","GLIPR2",0.311931523377176,0.999991169262577,227.789692104223,1.38937221389964,0.0190742332975182,959.656994309565,"Only_iNeurons",0.850651868638406,NA
"ENSG00000171621","SPSB1",-0.546589542955172,0.999991169262577,115.443155954127,1.12451006947999,0.0132542444853621,461.889342762857,"Only_iNeurons",0.83554980621758,NA
"ENSG00000198838","RYR3",0.406824165533225,0.999991169262577,46.0676588923869,-1.23440485912384,0.0375595517818462,252.296490340037,"Only_iNeurons",0.820614512328532,NA
"ENSG00000185070","FLRT2",0.247832716715205,0.999991169262577,149.260083837592,1.36452500435951,0.0157910911520398,1036.27339107404,"Only_iNeurons",0.806178860537358,NA
"ENSG00000129038","LOXL1",-0.115478244685732,0.999991169262577,345.009650462754,1.49616372431426,0.0143565973826556,2890.52422289471,"Only_iNeurons",0.805820984499998,NA
"ENSG00000170412","GPRC5C",-0.189167327712948,0.999991169262577,306.552490261151,1.41236392405278,0.0471091179090611,306.850315677457,"Only_iNeurons",0.800765625882864,NA
"ENSG00000112304","ACOT13",0.500628197968227,0.594726566432844,1182.23924393568,1.06506316676684,0.0288844466963653,643.883454186508,"Only_iNeurons",0.782845682367533,NA
"ENSG00000170743","SYT9",-0.135089734715317,0.999991169262577,83.5556964013221,-1.42138259712185,0.0442574855239806,579.58173252958,"Only_iNeurons",0.778236165918585,NA
"ENSG00000101608","MYL12A",-0.245161475855533,0.819447519457178,4027.98155325108,1.27770407573055,0.0170036743835144,1692.92701787302,"Only_iNeurons",0.761432775793043,NA
"ENSG00000090013","BLVRB",0.0274896780946598,0.999991169262577,391.03686037148,1.49100649503141,0.0225169675915458,144.02454115579,"Only_iNeurons",0.759248086563034,NA
"ENSG00000177663","IL17RA",-0.142251716545152,0.999991169262577,387.853644379468,1.35742263765788,0.000611508919875658,626.869201149162,"Only_iNeurons",0.749837177101516,NA
"ENSG00000135631","RAB11FIP5",-0.56009688577994,0.548210828285462,636.034296234294,-0.932798850883015,0.0471091179090611,856.169343175519,"Only_iNeurons",0.746447868331478,NA
"ENSG00000100433","KCNK10",-0.219562535623035,0.999991169262577,35.2086839151391,-1.25342131016277,0.0296602450878023,892.169656153034,"Only_iNeurons",0.7364919228929,NA
"ENSG00000102383","ZDHHC15",-0.393961467749669,0.999991169262577,145.407429223149,-1.06815041318056,0.0416938194135291,479.033431095954,"Only_iNeurons",0.731055940465114,NA
"ENSG00000250366","TUNAR",0.332606454652788,0.930612008270702,2379.81203837003,-1.04776786840727,0.0238064883456788,736.562930978614,"Only_iNeurons",0.690187161530028,NA
"ENSG00000177954","RPS27",0.110883272669316,0.999991169262577,14383.8713610313,1.21443798988877,0.00382134300111868,5930.18307733845,"Only_iNeurons",0.662660631279041,NA
"ENSG00000171858","RPS21",0.0646699201891959,0.999991169262577,5489.60599918155,1.24321532906286,0.00326878394568857,2797.88511332087,"Only_iNeurons",0.653942624626027,NA
"ENSG00000213741","RPS29",0.042470544879888,0.999991169262577,3835.15455758911,1.25860947507744,0.039640728351403,1823.81651588217,"Only_iNeurons",0.650540009978666,NA
"ENSG00000176490","DIRAS1",-0.192585609111901,0.999991169262577,677.03976975291,-1.07784949658033,0.0463007079211533,2597.20608593538,"Only_iNeurons",0.635217552846116,NA
"ENSG00000087088","BAX",0.183960778203759,0.999991169262577,2522.93051704642,1.07934418693347,0.0346666299102201,1211.77101333911,"Only_iNeurons",0.631652482568614,NA
"ENSG00000197756","RPL37A",0.087246885976881,0.999991169262577,15350.9928644551,1.10006971642822,0.0220531242060353,9218.68829977647,"Only_iNeurons",0.593658301202553,NA
"ENSG00000118181","RPS25",0.125454961257289,0.999991169262577,10329.7836321103,1.05415551508676,0.0471091179090611,5308.05762471525,"Only_iNeurons",0.589805238172023,NA
"ENSG00000104219","ZDHHC2",-0.0352324926518046,0.999991169262577,1193.31098035045,-1.07713066752976,0.0251953604212633,1301.78465397436,"Only_iNeurons",0.556181580090783,NA
"ENSG00000142534","RPS11",0.107225727675803,0.999991169262577,16099.3598778796,0.863280339053654,0.0250157435568528,12801.0612823097,"Only_iNeurons",0.485253033364729,NA
"ENSG00000237296","SMG1P1",-21.5857685602097,4.58448702762683e-05,16.1123182502056,1.59502745275866,NA,45.9155802769517,"Only_iPSC",11.5903980064842,NA
"ENSG00000067646","ZFY",9.25107420336649,0.0154208937262358,56.5960848921467,10.9355163384418,0.219070861068839,188.146246220306,"Only_iPSC",10.0932952709042,NA
"ENSG00000267022","",7.99483999119264,7.91495483917993e-05,23.8247532494554,-7.78756084338652,0.559514055050268,19.454846856024,"Only_iPSC",7.89120041728958,NA
"ENSG00000268696","ZNF723",-9.36242606588362,2.48770107598074e-09,59.669072864582,-5.88857880742427,0.662935269207589,5.22256037123692,"Only_iPSC",7.62550243665394,NA
"ENSG00000261716","H2BC20P",-7.02043176923661,0.0160413811349348,11.7337065612809,5.7911976509062,0.437417957940873,5.32078622681996,"Only_iPSC",6.40581471007141,NA
"ENSG00000240370","RPL13P5",6.93723863041482,0.0230287461212481,11.4440877392122,4.76484358654685,NA,2.60459902463033,"Only_iPSC",5.85104110848084,NA
"ENSG00000198153","ZNF849P",-5.38406884429123,4.12795958293928e-05,35.1197519065246,-5.61602808894283,0.500913087130884,4.31344477782982,"Only_iPSC",5.50004846661703,NA
"ENSG00000164241","C5orf63",-7.59915733675819,0.00104090995944809,17.529070211716,-2.66143066223527,0.796564823185085,15.1554002394241,"Only_iPSC",5.13029399949673,NA
"ENSG00000271383","NBPF19",8.86566164286511,8.85317607520684e-08,43.5698327895181,0.163697206308985,0.995296927215984,137.812080563926,"Only_iPSC",4.51467942458705,NA
"ENSG00000251634","NAIPP4",7.51095248524755,0.00151863618074295,17.0401455057062,0.329580846876424,0.993485324938283,83.3441892072375,"Only_iPSC",3.92026666606199,NA
"ENSG00000293034","NAP1L6P",-4.02604599529283,9.20972105822737e-08,65.2820249384805,-3.77280040202655,NA,2.51929431116603,"Only_iPSC",3.89942319865969,NA
"ENSG00000226816","",-4.23311328981268,0.0186188475042833,36.0713990134929,-3.33577950783723,NA,0.890161284018499,"Only_iPSC",3.78444639882496,NA
"ENSG00000271793","",-7.18089442700283,0.008756440911403,13.1632654545798,0.328042468998458,0.99404519599795,19.719394530965,"Only_iPSC",3.75446844800064,NA
"ENSG00000270074","",6.84536151026929,0.0475172124168786,10.7417552410689,-0.358965079500687,0.995296927215984,39.3035222678511,"Only_iPSC",3.60216329488499,NA
"ENSG00000189134","NKAPL",-4.98390403083314,0.0420178111276493,21.7554941828763,-1.5295238903791,0.971653763317242,4.15497166803269,"Only_iPSC",3.25671396060612,NA
"ENSG00000074706","IPCEF1",5.22593455092093,0.0186188475042833,28.5415958875132,-1.27803715950504,0.509764353264602,125.484897802181,"Only_iPSC",3.25198585521299,NA
"ENSG00000182983","ZNF662",-3.52960681780512,0.00327098962512524,66.1433494359529,-2.96887386185173,0.63837937755876,18.3089122770627,"Only_iPSC",3.24924033982843,NA
"ENSG00000224846","NQO2-AS1",5.31565974858657,0.0230287461212481,17.419610834357,0.786582969396529,0.995154265654586,4.77942952895485,"Only_iPSC",3.05112135899155,NA
"ENSG00000204644","ZFP57",-2.68625852592023,0.00742952580663145,145.556496804635,-3.31492633402134,NA,32.814395530222,"Only_iPSC",3.00059242997078,NA
"ENSG00000238035","",3.28554363570962,0.0495595346166008,53.0227847978637,2.09108294327926,0.148224947221585,116.691718906553,"Only_iPSC",2.68831328949444,NA
"ENSG00000293486","",2.86723924295405,0.0467546735469341,36.9842351599344,2.48991585274357,0.522257862066605,39.8634626310625,"Only_iPSC",2.67857754784881,NA
"ENSG00000185304","RGPD2",3.83181621255456,2.48384944629679e-10,204.669144414271,1.42584977155553,0.424250917149207,488.34234557344,"Only_iPSC",2.62883299205504,NA
"ENSG00000282416","",2.5771264105496,0.00611331474257902,103.703120327354,1.9013738106072,0.328615329673813,50.1689315267297,"Only_iPSC",2.2392501105784,NA
"ENSG00000223784","LINP1",1.89620347018865,0.0303573565076624,275.299933023731,-2.46520382632102,0.745780370465771,9.33585029751881,"Only_iPSC",2.18070364825483,NA
"ENSG00000226686","LINC01535",-2.74129352176729,0.0154208937262358,82.3257650728307,-1.33762839741742,0.797070524675858,101.432208416708,"Only_iPSC",2.03946095959236,NA
"ENSG00000039987","BEST2",2.73175638098926,0.00327098962512524,63.3560522522787,-1.32377867109797,NA,1.80151831827131,"Only_iPSC",2.02776752604362,NA
"ENSG00000241860","",2.07587256003403,0.00526346916472187,246.184701086147,1.69678633494517,0.398646620914675,141.874216559507,"Only_iPSC",1.8863294474896,NA
"ENSG00000100867","DHRS2",3.21646556578386,0.0219263255610895,59.565289960423,-0.504216130657442,0.983481828465837,125.684960474851,"Only_iPSC",1.86034084822065,NA
"ENSG00000282508","LINC01002",2.11219767452643,0.00516317702204851,183.123557517634,1.30287815184265,0.199738245252803,79.051439784354,"Only_iPSC",1.70753791318454,NA
"ENSG00000176809","LRRC37A3",3.0833249470788,0.00411855900635307,80.1539595368573,-0.238646216180712,0.986260043356027,364.150437586681,"Only_iPSC",1.66098558162976,NA
"ENSG00000042062","RIPOR3",2.42536905768629,0.000303189706538499,109.450978934836,0.834740676916105,0.927668080864086,30.8904505720348,"Only_iPSC",1.6300548673012,NA
"ENSG00000250120","PCDHA10",-1.41024490168374,0.0388607574643838,534.979678854,-1.79454793883307,0.489423456513901,1074.71737687931,"Only_iPSC",1.6023964202584,NA
"ENSG00000196358","NTNG2",-2.87069700263344,0.00231692693681191,53.2967831670456,0.315497529184169,0.986260043356027,880.460909710031,"Only_iPSC",1.59309726590881,NA
"ENSG00000135423","GLS2",1.24387437862368,0.0456277454048498,398.240580445376,-1.90658763160042,0.518815810621279,98.6302575079632,"Only_iPSC",1.57523100511205,NA
"ENSG00000286053","ASDURF",-2.30601715782014,0.0163392170966943,97.6332108337783,-0.840745113144969,0.907000687976687,60.6877741620365,"Only_iPSC",1.57338113548256,NA
"ENSG00000188738","FSIP2",2.67828900107229,0.0154208937262358,133.453963373552,-0.375129092188294,0.955538637941426,358.356612807869,"Only_iPSC",1.52670904663029,NA
"ENSG00000148926","ADM",-1.14932525510056,4.18519788932004e-05,1569.39161491692,1.84811033828004,0.558217131209104,146.315950995102,"Only_iPSC",1.4987177966903,NA
"ENSG00000288722","F8A1",1.42474435545354,2.46096272351935e-05,537.866101976817,1.50872515800365,0.17830763520239,225.854577750334,"Only_iPSC",1.4667347567286,NA
"ENSG00000170542","SERPINB9",1.24769382965744,0.00104090995944809,2961.33424548076,-1.33976119306935,0.463067110263737,1543.20735026331,"Only_iPSC",1.2937275113634,NA
"ENSG00000174306","ZHX3",2.11297182390188,0.00314204291619065,219.221089461437,-0.354317254044752,0.932350070283525,1554.16607263606,"Only_iPSC",1.23364453897332,NA
"ENSG00000145029","NICN1",2.16522525820202,0.00314204291619065,154.855957124815,0.251562595995033,0.990192564861971,1084.56418557283,"Only_iPSC",1.20839392709853,NA
"ENSG00000050327","ARHGEF5",1.44528201102812,0.000922527010500853,727.112372940779,-0.799092256550917,0.985446778699171,26.5732742169969,"Only_iPSC",1.12218713378952,NA
"ENSG00000124588","NQO2",-1.40268668540824,0.000128661511759089,1896.26412371536,-0.719663441004511,0.563132476784299,421.666707208345,"Only_iPSC",1.06117506320638,NA
"ENSG00000255408","PCDHA3",-1.71004020857154,0.00509490767191809,228.835296979756,-0.4120748409678,0.869996494521022,342.718912685135,"Only_iPSC",1.06105752476967,NA
"ENSG00000198879","SFMBT2",1.46206409599336,0.0195613533263869,290.640945363267,-0.475331809865172,0.940497086759998,500.187672822935,"Only_iPSC",0.968697952929267,NA
"ENSG00000288920","RPSA2",0.950324632961797,0.0487643214981962,2744.37292436152,0.942545291228291,0.76700203425162,1244.21166694552,"Only_iPSC",0.946434962095044,NA
"ENSG00000138496","PARP9",1.61559095057055,0.0230446253654894,174.405586059666,0.152664359821769,0.995296927215984,33.2589636663895,"Only_iPSC",0.884127655196158,NA
"ENSG00000103226","NOMO3",-0.858447449758023,0.0406509481781546,1577.38012895683,-0.841646730167667,0.146953880833241,1801.91158868816,"Only_iPSC",0.850047089962845,NA
"ENSG00000141934","PLPP2",1.14116929605882,8.99154465983002e-05,1724.92575958453,-0.532575717343855,0.987413246396975,39.8893814187604,"Only_iPSC",0.836872506701337,NA
"ENSG00000240184","PCDHGC3",1.09331500573717,0.0467546735469341,432.538738347267,0.465172831556746,0.925958151205699,2500.17167926849,"Only_iPSC",0.779243918646957,NA
"ENSG00000122674","CCZ1",-0.831895046478947,0.00526346916472187,1820.33718688283,-0.58779863175323,0.783167758580195,1235.65732335476,"Only_iPSC",0.709846839116088,NA
"ENSG00000130477","UNC13A",-0.699332549523384,0.0407055160063075,2117.18117020152,-0.714640492051486,0.736172857233594,4316.64468244563,"Only_iPSC",0.706986520787435,NA
"ENSG00000196236","XPNPEP3",0.856602912303122,0.0406509481781546,978.993207134837,0.555731375296991,0.766594383063446,770.256300197007,"Only_iPSC",0.706167143800057,NA
"ENSG00000142449","FBN3",1.11101150511199,0.00606118308451179,1785.3786266588,-0.209804468314751,0.99404519599795,2203.25441186225,"Only_iPSC",0.660407986713368,NA
"ENSG00000134602","STK26",-0.614690862734285,0.00238479178573241,6118.73851374852,-0.671067420473838,0.957657751423636,1500.53216219872,"Only_iPSC",0.642879141604062,NA
"ENSG00000173320","STOX2",-0.876397299890312,0.0163392170966943,799.789706252188,-0.399642463773386,0.796564823185085,2948.29435234386,"Only_iPSC",0.638019881831849,NA
"ENSG00000173193","PARP14",0.887911248471856,0.00231692693681191,1105.45878937692,0.267215434012409,0.995200461090348,99.1062077257162,"Only_iPSC",0.577563341242132,NA
"ENSG00000173064","HECTD4",1.00333988978541,0.016774953740895,771.646439676126,0.143244370701189,0.99404519599795,6442.17434789836,"Only_iPSC",0.573292130243298,NA
"ENSG00000129911","KLF16",-0.848017733349579,0.0381828353733758,1023.5094230119,0.22621164980351,0.958182231577192,766.877154444162,"Only_iPSC",0.537114691576544,NA
"ENSG00000115365","LANCL1",0.889648364042724,0.0384233596162634,2066.28471981656,0.144399481608212,0.995154265654586,3557.10400795012,"Only_iPSC",0.517023922825468,NA
"ENSG00000100503","NIN",0.987446527390297,0.00327098962512524,823.913708005795,0.0323834876355222,0.997138100692969,3764.18407628842,"Only_iPSC",0.509915007512909,NA
"ENSG00000055609","KMT2C",0.763240936533313,0.00666591367769649,885.379544919512,-0.215437951703938,0.987738389264261,3474.23541991502,"Only_iPSC",0.489339444118625,NA
"ENSG00000100034","PPM1F",-0.759866827642277,0.0456277454048498,961.129646391439,0.203801381802179,0.964129527293007,1722.66754766333,"Only_iPSC",0.481834104722228,NA
"ENSG00000126001","CEP250",0.744238882214077,0.0186188475042833,931.399617627028,-0.217266337250036,0.99404519599795,2223.06121885279,"Only_iPSC",0.480752609732056,NA
"ENSG00000051596","THOC3",-0.667912742216742,0.0155766164971418,1896.46191224976,0.0772901632644303,0.995296927215984,1182.31668045758,"Only_iPSC",0.372601452740586,NA
